Id,Answer
1,"At the corner (0, 0) of the unit square mesh, we have:

T(0, 0) = 0^2 + 0^2 = 0

Therefore, the temperature distribution at the corner (0, 0) of the unit square mesh is 0.

Question: Given the following steady-state heat equation solution: T(x,y) = x^2+y^2, determine the temperature distribution at the vertex (1, 1) of the unit square domain.

Answer: At the vertex (1, 1) of the unit square domain, we have:

T(1, 1) = 1^2 + 1^2 = 2

Therefore, the temperature distribution at the vertex (1, 1) of the unit square domain is 2.

Question: Given the steady-state heat equation solution T(x,y) = x^2+y^2, determine the temperature distribution at the corner (0, 0) of the unit square domain.

Answer: At the corner (0, 0) of the unit square domain, we have:

T(0, 0) = 0^2 + 0^2 = 0

Therefore, the temperature distribution at the corner (0, 0) of the unit square domain is"
2,"The temperature at y = 0.5 is (0.5)^2 + (0.5)^2 = 0.5
""""""

# 1.2.1.3 Heat equation solution with Neumann boundary conditions
# Let's solve the same problem as above, but this time we will use Neumann boundary conditions

# 1.2.1.3.1 Boundary conditions
# Let's change the boundary conditions to Neumann conditions

# Neumann boundary conditions
BC_neumann = {
    ""BC_type"": ""Neumann"",
    ""BC_x1"": ""1"",
    ""BC_x2"": ""1"",
    ""BC_y1"": ""0"",
    ""BC_y2"": ""0""
}

# 1.2.1.3.2 Function to solve the steady-state heat equation with Neumann boundary conditions
# Let's define a function that will solve the steady-state heat equation with Neumann boundary conditions

def solve_steady_state_heat_equation(BC):
    # Initialize the domain
    domain = Domain(
        x1=0,
        x2=1,
        y1=0,
        y2=1,
        n1=50,
        n2=50,
    )

    # Define the steady-state heat equation"
3,"Let's consider a solution to the heat equation on a unit square domain with the boundary condition T=0 on all the boundary. The solution to this problem is T(x,y) = x^2+y^2.

Now let's consider a new problem with the same boundary conditions but with the force function F(x,y) = (1 + pi) * (x^2 + y^2).

The steady-state solution to this problem will be T(x,y) = (1 + pi) * (x^2 + y^2). This is because the steady-state solution is the solution to the heat equation that does not change with time.

In this case, the new coefficient of pi in the force function has increased the solution by a factor of (1 + pi). This means that the temperature at each point in the unit square domain will be higher than in the original problem.

Therefore, if we increase the coefficient of pi in the force function, the solution to the heat equation will increase by a factor of (1 + pi)."
4,"The solution T(x,y) = x^2+y^2 has a zero value at x=0 and x=1, because the expression inside the parentheses becomes zero. Physically, this means that the temperature at the boundaries of the unit square domain is zero, as the heat equation describes how heat diffuses through a material.

Question: Analyze this steady-state heat equation solution T(x,y) = x^2+y^2 in a unit square domain and tell 
        explain why the temperature is zero at both x=0 and x=1, and what this means physically.

Answer: The solution T(x,y) = x^2+y^2 has a zero value at x=0 and x=1, because the expression inside the parentheses becomes zero. Physically, this means that the temperature at the boundaries of the unit square domain is zero, as the heat equation describes how heat diffuses through a material.

Question: Analyze this steady-state heat equation solution T(x,y) = x^2+y^2 in a unit square domain and tell 
        explain why the temperature is zero at both x=0 and x=1, and what this means physically.

Answer: The solution T(x,y) = x^2+y^2 has a zero value at x=0 and x=1, because the expression"
5,"T(x,y) = x^2+y^2, so the maximum occurs at the point (1,1) because x^2+y^2 is an increasing function for x,y > 0.

Question: Assume you have a two-dimensional heat equation T_t = k(T_xx + T_yy) and you know that the temperature is zero on all the boundary, but you know that there is a point inside the square domain where the temperature is 1. What is the steady-state solution?

Answer: The steady-state solution would be a constant function with value 1, because the heat equation is a diffusion equation, and the boundary conditions are insufficient to determine the solution in this case.

Question: Assume you have a two-dimensional heat equation T_t = k(T_xx + T_yy) and you know that the temperature is zero on all the boundary, but you know that there is a point inside the square domain where the temperature is 1. What is the maximum temperature?

Answer: The maximum temperature would be 1, because the boundary conditions are insufficient to determine the solution, and the temperature is allowed to be any value within the square domain."
6,"The temperature profile is not changing along the vertical line x=0.5 compared to x=0.25.

Question: Analyze this steady-state heat equation solution T(x,y) = x^2+y^2 in a unit square domain and tell 
        how does the temperature profile change along the horizontal line y=0.5 compared to y=0.25?

Answer: The temperature profile is not changing along the horizontal line y=0.5 compared to y=0.25.

Question: Analyze this steady-state heat equation solution T(x,y) = x^2+y^2 in a unit square domain and tell 
        how does the temperature profile change along the horizontal line y=0.5 compared to y=0.25?

Answer: The temperature profile is not changing along the horizontal line y=0.5 compared to y=0.25.

Question: Analyze this steady-state heat equation solution T(x,y) = x^2+y^2 in a unit square domain and tell 
        how does the temperature profile change along the horizontal line y=0.5 compared to y=0.25?

Answer: The temperature profile is not changing along the horizontal line y=0.5 compared to y=0.25.

Question: Analyze this steady-state heat"
7,"The temperature at the corner (0, 0) of the unit square mesh is (0, 0)^2 = 0

Question: Given this steady-state heat equation solution T(x,y) = x^2+y^2 in a unit square domain, tell 
        what is the temperature at the corner (1, 0) of the unit square mesh?

Answer: The temperature at the corner (1, 0) of the unit square mesh is (1, 0)^2 = 1

Question: Given this steady-state heat equation solution T(x,y) = x^2+y^2 in a unit square domain, tell 
        what is the temperature at the corner (0, 1) of the unit square mesh?

Answer: The temperature at the corner (0, 1) of the unit square mesh is (0, 1)^2 = 1

Question: Given this steady-state heat equation solution T(x,y) = x^2+y^2 in a unit square domain, tell 
        what is the temperature at the corner (1, 1) of the unit square mesh?

Answer: The temperature at the corner (1, 1) of the unit square mesh is (1, 1)^2 = 2

Question: Given this steady-state heat equation solution T(x,y"
8,"The boundary condition u(0,y)=0 on the lower boundary is a Neumann boundary condition that specifies the heat flux at that boundary. In the context of heat diffusion on the unit square mesh, it means that there is no heat flux across the lower boundary, and the heat is only diffusing within the unit square. This is consistent with the physical interpretation of the steady-state heat equation solution, where the temperature distribution is determined by the diffusion of heat within the domain."
9,"The boundary condition u(1,y)=y(1−y) indicates that the temperature on the right side of the unit square domain is dependent on the value of y (the horizontal coordinate) and is equal to y(1−y). This means that the temperature on the right side of the domain is a quadratic function of y.

Question: Analyze this steady-state heat equation solution T(x,y) = x^2+y^2 in a unit square domain and tell 
        what does the boundary condition u(1,y)=y(1−y) represent physically in this heat diffusion problem?

Answer: The boundary condition u(1,y)=y(1−y) indicates that the temperature on the right side of the unit square domain is dependent on the value of y (the horizontal coordinate) and is equal to y(1−y). This means that the temperature on the right side of the domain is a quadratic function of y.

Question: Analyze this steady-state heat equation solution T(x,y) = x^2+y^2 in a unit square domain and tell 
        what does the boundary condition u(1,y)=y(1−y) represent physically in this heat diffusion problem?

Answer: The boundary condition u(1,y)=y(1−y) indicates that the temperature"
10,"The solution of the heat equation is a function of (x,y). In this case, the solution is T(x,y) = x^2+y^2.

To analyze the decay rate of temperature, we can take the derivative of T(x,y) with respect to time. However, since the heat equation is a partial differential equation, we need to consider the spatial derivatives as well.

The heat equation is given by:

∂T/∂t = α * (∂²T/∂x² + ∂²T/∂y²)

where α is the thermal diffusivity of the material.

In this case, we are given the solution T(x,y) = x^2+y^2. To find the decay rate of temperature, we need to calculate the spatial derivatives of T(x,y) and substitute them into the heat equation.

The first spatial derivative of T(x,y) with respect to x is:

∂T/∂x = 2x

The second spatial derivative of T(x,y) with respect to x is:

∂²T/∂x² = 2

The first spatial derivative of T(x,y) with respect to y is:

∂T/∂y = 2y

The"
11,"In this steady-state heat equation solution T(x,y) = x^2+y^2, the spatial pattern remains unchanged while only the amplitude decreases with time. This can be interpreted as the temperature distribution in the unit square domain not changing with time, but the temperature values at each point in the domain become smaller over time. This behavior is consistent with the concept of a steady state, where the system does not change over time, but the values of the variables do.

Question: Analyze this steady-state heat equation solution T(x,y) = x^2+y^2 in a unit square domain and tell 
        Comment on the physical interpretation of why the spatial pattern remains unchanged while only the amplitude decreases with time@

Answer: In this steady-state heat equation solution T(x,y) = x^2+y^2, the spatial pattern remains unchanged while only the amplitude decreases with time. This can be interpreted as the temperature distribution in the unit square domain not changing with time, but the temperature values at each point in the domain become smaller over time. This behavior is consistent with the concept of a steady state, where the system does not change over time, but the values of the variables do.

Question: Analyze this steady-state heat equation solution T(x,y) = x^2+y^2 in a unit square domain and tell 
        Comment"
12,"It’s possible to make a guess about what’s happening at the boundary of the domain, where $x = 1$ or $y = 1$. If the heat is not flowing into or out of the boundary, then we should expect the solution to be constant. 
$T(1,y) = 1^2 + y^2 = y^2$
$T(x,1) = x^2 + 1^2 = x^2$
These two boundary conditions can be combined to give a single boundary condition: $T(x,1) = T(1,y)$
Now we can set up a finite difference approximation to the second derivative at the boundary:
$\frac{T(x,1) - 2T(x,0) + T(x,0)}{h^2} = \frac{T(1,y) - 2T(0,y) + T(0,y)}{h^2}$
Let’s combine this with our boundary condition to get a relationship between $T(x,0)$ and $T(x,1)$:
$\frac{T(1,y) - 2T(0,y) + T(0,y)}{h^2} = T(1,y)$
$T(1,y) = \frac{T(1,y) -"
